year,state,county_name,urbanicity,region,division,pop_category,population,pretrial_population
1970,AL,Autauga County,small/mid,South,East South Central,Total,14154,0
1971,AL,Autauga County,small/mid,South,East South Central,Total,14765,0
1972,AL,Autauga County,small/mid,South,East South Central,Total,15939,0
1973,AL,Autauga County,small/mid,South,East South Central,Total,16906,0
1974,AL,Autauga County,small/mid,South,East South Central,Total,17578,0
1975,AL,Autauga County,small/mid,South,East South Central,Total,18007,0
1976,AL,Autauga County,small/mid,South,East South Central,Total,18476,0
1977,AL,Autauga County,small/mid,South,East South Central,Total,19068,0
1978,AL,Autauga County,small/mid,South,East South Central,Total,19566,0
1979,AL,Autauga County,small/mid,South,East South Central,Total,20523,0
1980,AL,Autauga County,small/mid,South,East South Central,Total,20767,0
1981,AL,Autauga County,small/mid,South,East South Central,Total,20686,0
1982,AL,Autauga County,small/mid,South,East South Central,Total,20790,0
1983,AL,Autauga County,small/mid,South,East South Central,Total,20849,11
1984,AL,Autauga County,small/mid,South,East South Central,Total,20967,11.2
1985,AL,Autauga County,small/mid,South,East South Central,Total,21116,11.4
1986,AL,Autauga County,small/mid,South,East South Central,Total,21603,11.6
1987,AL,Autauga County,small/mid,South,East South Central,Total,21895,11.8
1988,AL,Autauga County,small/mid,South,East South Central,Total,22133,12
1989,AL,Autauga County,small/mid,South,East South Central,Total,22356,12
1990,AL,Autauga County,small/mid,South,East South Central,Total,22729,21
1991,AL,Autauga County,small/mid,South,East South Central,Total,23123,36
1992,AL,Autauga County,small/mid,South,East South Central,Total,23790,10
1993,AL,Autauga County,small/mid,South,East South Central,Total,24392,22
1994,AL,Autauga County,small/mid,South,East South Central,Total,25232,21
1995,AL,Autauga County,small/mid,South,East South Central,Total,25798,20
1996,AL,Autauga County,small/mid,South,East South Central,Total,26547,19
1997,AL,Autauga County,small/mid,South,East South Central,Total,27227,18
1998,AL,Autauga County,small/mid,South,East South Central,Total,27855,17
1999,AL,Autauga County,small/mid,South,East South Central,Total,28397,16
2000,AL,Autauga County,small/mid,South,East South Central,Total,29066,36.83333
2001,AL,Autauga County,small/mid,South,East South Central,Total,29665,57.66667
2002,AL,Autauga County,small/mid,South,East South Central,Total,30289,78.5
2003,AL,Autauga County,small/mid,South,East South Central,Total,30912,99.33334
2004,AL,Autauga County,small/mid,South,East South Central,Total,31965,120.1667
2005,AL,Autauga County,small/mid,South,East South Central,Total,32859,141
2006,AL,Autauga County,small/mid,South,East South Central,Total,34019,135.5
2007,AL,Autauga County,small/mid,South,East South Central,Total,34773,130
2008,AL,Autauga County,small/mid,South,East South Central,Total,35356,124.5
2009,AL,Autauga County,small/mid,South,East South Central,Total,35882,119
2010,AL,Autauga County,small/mid,South,East South Central,Total,36165,113.5
2011,AL,Autauga County,small/mid,South,East South Central,Total,36321,108
2012,AL,Autauga County,small/mid,South,East South Central,Total,36569,102.5
2013,AL,Autauga County,small/mid,South,East South Central,Total,36187,97
2014,AL,Autauga County,small/mid,South,East South Central,Total,36114,97
2015,AL,Autauga County,small/mid,South,East South Central,Total,36215,97
2016,AL,Autauga County,small/mid,South,East South Central,Total,36103,NA
1970,AL,Baldwin County,small/mid,South,East South Central,Total,35043,28
1971,AL,Baldwin County,small/mid,South,East South Central,Total,35512,30.125
1972,AL,Baldwin County,small/mid,South,East South Central,Total,37198,32.25
1973,AL,Baldwin County,small/mid,South,East South Central,Total,38557,34.375
1974,AL,Baldwin County,small/mid,South,East South Central,Total,39970,36.5
1975,AL,Baldwin County,small/mid,South,East South Central,Total,41327,38.625
1976,AL,Baldwin County,small/mid,South,East South Central,Total,43180,40.75
1977,AL,Baldwin County,small/mid,South,East South Central,Total,44812,42.875
1978,AL,Baldwin County,small/mid,South,East South Central,Total,46424,45
1979,AL,Baldwin County,small/mid,South,East South Central,Total,47827,50.4
1980,AL,Baldwin County,small/mid,South,East South Central,Total,49484,55.8
1981,AL,Baldwin County,small/mid,South,East South Central,Total,50473,61.2
1982,AL,Baldwin County,small/mid,South,East South Central,Total,51857,66.6
1983,AL,Baldwin County,small/mid,South,East South Central,Total,52982,72
1984,AL,Baldwin County,small/mid,South,East South Central,Total,54853,62
1985,AL,Baldwin County,small/mid,South,East South Central,Total,56641,52
1986,AL,Baldwin County,small/mid,South,East South Central,Total,57963,60
1987,AL,Baldwin County,small/mid,South,East South Central,Total,59229,46
1988,AL,Baldwin County,small/mid,South,East South Central,Total,60089,44
1989,AL,Baldwin County,small/mid,South,East South Central,Total,60968,57
1990,AL,Baldwin County,small/mid,South,East South Central,Total,63003,70
1991,AL,Baldwin County,small/mid,South,East South Central,Total,65155,83
1992,AL,Baldwin County,small/mid,South,East South Central,Total,67809,96
1993,AL,Baldwin County,small/mid,South,East South Central,Total,70972,109
1994,AL,Baldwin County,small/mid,South,East South Central,Total,74343,139
1995,AL,Baldwin County,small/mid,South,East South Central,Total,77187,169
1996,AL,Baldwin County,small/mid,South,East South Central,Total,80173,199
1997,AL,Baldwin County,small/mid,South,East South Central,Total,83299,229
1998,AL,Baldwin County,small/mid,South,East South Central,Total,86497,205
1999,AL,Baldwin County,small/mid,South,East South Central,Total,88567,225
2000,AL,Baldwin County,small/mid,South,East South Central,Total,91100,351
2001,AL,Baldwin County,small/mid,South,East South Central,Total,93376,301
2002,AL,Baldwin County,small/mid,South,East South Central,Total,95516,309
2003,AL,Baldwin County,small/mid,South,East South Central,Total,98019,367
2004,AL,Baldwin County,small/mid,South,East South Central,Total,101228,430
2005,AL,Baldwin County,small/mid,South,East South Central,Total,105189,533
2006,AL,Baldwin County,small/mid,South,East South Central,Total,108901,535.5
2007,AL,Baldwin County,small/mid,South,East South Central,Total,111502,538
2008,AL,Baldwin County,small/mid,South,East South Central,Total,113235,540.5
2009,AL,Baldwin County,small/mid,South,East South Central,Total,115286,543
2010,AL,Baldwin County,small/mid,South,East South Central,Total,117014,545.5
2011,AL,Baldwin County,small/mid,South,East South Central,Total,117544,548
2012,AL,Baldwin County,small/mid,South,East South Central,Total,119446,550.5
2013,AL,Baldwin County,small/mid,South,East South Central,Total,120968,553
2014,AL,Baldwin County,small/mid,South,East South Central,Total,123453,485.5
2015,AL,Baldwin County,small/mid,South,East South Central,Total,125534,418
2016,AL,Baldwin County,small/mid,South,East South Central,Total,127300,NA
1970,AL,Barbour County,rural,South,East South Central,Total,13210,2
1971,AL,Barbour County,rural,South,East South Central,Total,13518,3
1972,AL,Barbour County,rural,South,East South Central,Total,13407,4
1973,AL,Barbour County,rural,South,East South Central,Total,13849,5
1974,AL,Barbour County,rural,South,East South Central,Total,13871,6
1975,AL,Barbour County,rural,South,East South Central,Total,14865,7
1976,AL,Barbour County,rural,South,East South Central,Total,15451,8
1977,AL,Barbour County,rural,South,East South Central,Total,14874,9
1978,AL,Barbour County,rural,South,East South Central,Total,14798,10
1979,AL,Barbour County,rural,South,East South Central,Total,14764,11
1980,AL,Barbour County,rural,South,East South Central,Total,14984,12
1981,AL,Barbour County,rural,South,East South Central,Total,15030,13
1982,AL,Barbour County,rural,South,East South Central,Total,15076,14
1983,AL,Barbour County,rural,South,East South Central,Total,15108,15
1984,AL,Barbour County,rural,South,East South Central,Total,15235,12
1985,AL,Barbour County,rural,South,East South Central,Total,15291,9
1986,AL,Barbour County,rural,South,East South Central,Total,15293,17
1987,AL,Barbour County,rural,South,East South Central,Total,15412,20
1988,AL,Barbour County,rural,South,East South Central,Total,15468,16
1989,AL,Barbour County,rural,South,East South Central,Total,15497,19.54545
1990,AL,Barbour County,rural,South,East South Central,Total,15732,23.09091
1991,AL,Barbour County,rural,South,East South Central,Total,16593,26.63636
1992,AL,Barbour County,rural,South,East South Central,Total,16966,30.18182
1993,AL,Barbour County,rural,South,East South Central,Total,17344,33.72727
1994,AL,Barbour County,rural,South,East South Central,Total,17689,37.27273
1995,AL,Barbour County,rural,South,East South Central,Total,17824,40.81818
1996,AL,Barbour County,rural,South,East South Central,Total,18275,44.36364
1997,AL,Barbour County,rural,South,East South Central,Total,18441,47.90909
1998,AL,Barbour County,rural,South,East South Central,Total,18909,51.45454
1999,AL,Barbour County,rural,South,East South Central,Total,18984,55
2000,AL,Barbour County,rural,South,East South Central,Total,19169,50.16667
2001,AL,Barbour County,rural,South,East South Central,Total,19121,45.33333
2002,AL,Barbour County,rural,South,East South Central,Total,19141,40.5
2003,AL,Barbour County,rural,South,East South Central,Total,19275,35.66667
2004,AL,Barbour County,rural,South,East South Central,Total,19145,30.83333
2005,AL,Barbour County,rural,South,East South Central,Total,19036,26
2006,AL,Barbour County,rural,South,East South Central,Total,19018,28
2007,AL,Barbour County,rural,South,East South Central,Total,18909,30
2008,AL,Barbour County,rural,South,East South Central,Total,18877,32
2009,AL,Barbour County,rural,South,East South Central,Total,18820,34
2010,AL,Barbour County,rural,South,East South Central,Total,18605,36
2011,AL,Barbour County,rural,South,East South Central,Total,18516,38
2012,AL,Barbour County,rural,South,East South Central,Total,18424,40
2013,AL,Barbour County,rural,South,East South Central,Total,18139,42
2014,AL,Barbour County,rural,South,East South Central,Total,17839,42
2015,AL,Barbour County,rural,South,East South Central,Total,17535,42
2016,AL,Barbour County,rural,South,East South Central,Total,17051,NA
1970,AL,Bibb County,suburban,South,East South Central,Total,7982,0
1971,AL,Bibb County,suburban,South,East South Central,Total,8043,0
1972,AL,Bibb County,suburban,South,East South Central,Total,8190,0
1973,AL,Bibb County,suburban,South,East South Central,Total,8606,0
1974,AL,Bibb County,suburban,South,East South Central,Total,8442,0
1975,AL,Bibb County,suburban,South,East South Central,Total,8732,0
1976,AL,Bibb County,suburban,South,East South Central,Total,8803,0
1977,AL,Bibb County,suburban,South,East South Central,Total,9168,0
1978,AL,Bibb County,suburban,South,East South Central,Total,9247,5
1979,AL,Bibb County,suburban,South,East South Central,Total,9413,4.2
1980,AL,Bibb County,suburban,South,East South Central,Total,9571,3.4
1981,AL,Bibb County,suburban,South,East South Central,Total,9691,2.6
1982,AL,Bibb County,suburban,South,East South Central,Total,9869,1.8
1983,AL,Bibb County,suburban,South,East South Central,Total,9910,1
1984,AL,Bibb County,suburban,South,East South Central,Total,10036,2.25
1985,AL,Bibb County,suburban,South,East South Central,Total,10135,3.5
1986,AL,Bibb County,suburban,South,East South Central,Total,10049,4.75
1987,AL,Bibb County,suburban,South,East South Central,Total,10248,6
1988,AL,Bibb County,suburban,South,East South Central,Total,10262,25
1989,AL,Bibb County,suburban,South,East South Central,Total,10419,22.4
1990,AL,Bibb County,suburban,South,East South Central,Total,10754,19.8
1991,AL,Bibb County,suburban,South,East South Central,Total,11038,17.2
1992,AL,Bibb County,suburban,South,East South Central,Total,11289,14.6
1993,AL,Bibb County,suburban,South,East South Central,Total,11575,12
1994,AL,Bibb County,suburban,South,East South Central,Total,11793,14.66667
1995,AL,Bibb County,suburban,South,East South Central,Total,12133,17.33333
1996,AL,Bibb County,suburban,South,East South Central,Total,12444,20
1997,AL,Bibb County,suburban,South,East South Central,Total,12802,22.66667
1998,AL,Bibb County,suburban,South,East South Central,Total,13199,25.33333
1999,AL,Bibb County,suburban,South,East South Central,Total,13763,28
2000,AL,Bibb County,suburban,South,East South Central,Total,13084,34.16667
2001,AL,Bibb County,suburban,South,East South Central,Total,13981,40.33333
2002,AL,Bibb County,suburban,South,East South Central,Total,14136,46.5
2003,AL,Bibb County,suburban,South,East South Central,Total,14387,52.66667
2004,AL,Bibb County,suburban,South,East South Central,Total,14673,58.83333
2005,AL,Bibb County,suburban,South,East South Central,Total,14984,65
2006,AL,Bibb County,suburban,South,East South Central,Total,15102,63.625
2007,AL,Bibb County,suburban,South,East South Central,Total,15285,62.25
2008,AL,Bibb County,suburban,South,East South Central,Total,15527,60.875
2009,AL,Bibb County,suburban,South,East South Central,Total,15776,59.5
2010,AL,Bibb County,suburban,South,East South Central,Total,15789,58.125
2011,AL,Bibb County,suburban,South,East South Central,Total,15748,56.75
2012,AL,Bibb County,suburban,South,East South Central,Total,15657,55.375
2013,AL,Bibb County,suburban,South,East South Central,Total,15513,54
2014,AL,Bibb County,suburban,South,East South Central,Total,15347,49.5
2015,AL,Bibb County,suburban,South,East South Central,Total,15325,45
2016,AL,Bibb County,suburban,South,East South Central,Total,15331,NA
1970,AL,Blount County,suburban,South,East South Central,Total,16652,10
1971,AL,Blount County,suburban,South,East South Central,Total,17126,9.375
1972,AL,Blount County,suburban,South,East South Central,Total,18137,8.75
1973,AL,Blount County,suburban,South,East South Central,Total,18879,8.125
1974,AL,Blount County,suburban,South,East South Central,Total,19694,7.5
1975,AL,Blount County,suburban,South,East South Central,Total,20137,6.875
1976,AL,Blount County,suburban,South,East South Central,Total,20835,6.25
1977,AL,Blount County,suburban,South,East South Central,Total,21745,5.625
1978,AL,Blount County,suburban,South,East South Central,Total,22252,5
1979,AL,Blount County,suburban,South,East South Central,Total,23064,6
1980,AL,Blount County,suburban,South,East South Central,Total,23496,7
1981,AL,Blount County,suburban,South,East South Central,Total,23662,8
1982,AL,Blount County,suburban,South,East South Central,Total,23563,9
1983,AL,Blount County,suburban,South,East South Central,Total,23682,10
1984,AL,Blount County,suburban,South,East South Central,Total,24006,13.4
1985,AL,Blount County,suburban,South,East South Central,Total,24504,16.8
1986,AL,Blount County,suburban,South,East South Central,Total,24968,20.2
1987,AL,Blount County,suburban,South,East South Central,Total,25045,23.6
1988,AL,Blount County,suburban,South,East South Central,Total,25218,27
1989,AL,Blount County,suburban,South,East South Central,Total,25557,23.2
1990,AL,Blount County,suburban,South,East South Central,Total,26167,19.4
1991,AL,Blount County,suburban,South,East South Central,Total,26600,15.6
1992,AL,Blount County,suburban,South,East South Central,Total,26955,11.8
1993,AL,Blount County,suburban,South,East South Central,Total,27610,8
1994,AL,Blount County,suburban,South,East South Central,Total,28054,13.33333
1995,AL,Blount County,suburban,South,East South Central,Total,29051,18.66667
1996,AL,Blount County,suburban,South,East South Central,Total,29880,24
1997,AL,Blount County,suburban,South,East South Central,Total,31024,29.33333
1998,AL,Blount County,suburban,South,East South Central,Total,32294,34.66667
1999,AL,Blount County,suburban,South,East South Central,Total,33226,40
2000,AL,Blount County,suburban,South,East South Central,Total,33689,49.83333
2001,AL,Blount County,suburban,South,East South Central,Total,34154,59.66667
2002,AL,Blount County,suburban,South,East South Central,Total,34566,69.5
2003,AL,Blount County,suburban,South,East South Central,Total,35199,79.33334
2004,AL,Blount County,suburban,South,East South Central,Total,35579,89.16666
2005,AL,Blount County,suburban,South,East South Central,Total,35858,99
2006,AL,Blount County,suburban,South,East South Central,Total,36338,95.25
2007,AL,Blount County,suburban,South,East South Central,Total,36854,91.5
2008,AL,Blount County,suburban,South,East South Central,Total,37280,87.75
2009,AL,Blount County,suburban,South,East South Central,Total,37400,84
2010,AL,Blount County,suburban,South,East South Central,Total,37305,80.25
2011,AL,Blount County,suburban,South,East South Central,Total,37334,76.5
2012,AL,Blount County,suburban,South,East South Central,Total,37329,72.75
2013,AL,Blount County,suburban,South,East South Central,Total,37073,69
2014,AL,Blount County,suburban,South,East South Central,Total,36848,69
2015,AL,Blount County,suburban,South,East South Central,Total,36635,69
2016,AL,Blount County,suburban,South,East South Central,Total,36509,NA
1970,AL,Bullock County,rural,South,East South Central,Total,6332,10
1971,AL,Bullock County,rural,South,East South Central,Total,6167,9.777778
1972,AL,Bullock County,rural,South,East South Central,Total,6258,9.555555
1973,AL,Bullock County,rural,South,East South Central,Total,6215,9.333333
1974,AL,Bullock County,rural,South,East South Central,Total,6185,9.111111
1975,AL,Bullock County,rural,South,East South Central,Total,6203,8.888889
1976,AL,Bullock County,rural,South,East South Central,Total,6288,8.666667
1977,AL,Bullock County,rural,South,East South Central,Total,6253,8.444445
1978,AL,Bullock County,rural,South,East South Central,Total,6263,8.222222
1979,AL,Bullock County,rural,South,East South Central,Total,6191,8
1980,AL,Bullock County,rural,South,East South Central,Total,6090,7.777778
1981,AL,Bullock County,rural,South,East South Central,Total,6158,7.555555
1982,AL,Bullock County,rural,South,East South Central,Total,6145,7.333333
1983,AL,Bullock County,rural,South,East South Central,Total,6189,7.111111
1984,AL,Bullock County,rural,South,East South Central,Total,6289,6.888889
1985,AL,Bullock County,rural,South,East South Central,Total,6273,6.666667
1986,AL,Bullock County,rural,South,East South Central,Total,6107,6.444445
1987,AL,Bullock County,rural,South,East South Central,Total,6376,6.222222
1988,AL,Bullock County,rural,South,East South Central,Total,6546,6
1989,AL,Bullock County,rural,South,East South Central,Total,6520,6.444445
1990,AL,Bullock County,rural,South,East South Central,Total,6476,6.888889
1991,AL,Bullock County,rural,South,East South Central,Total,6712,7.333333
1992,AL,Bullock County,rural,South,East South Central,Total,6745,7.777778
1993,AL,Bullock County,rural,South,East South Central,Total,6869,8.222222
1994,AL,Bullock County,rural,South,East South Central,Total,7031,8.666667
1995,AL,Bullock County,rural,South,East South Central,Total,7128,9.111111
1996,AL,Bullock County,rural,South,East South Central,Total,7307,9.555555
1997,AL,Bullock County,rural,South,East South Central,Total,7386,10
1998,AL,Bullock County,rural,South,East South Central,Total,7476,6
1999,AL,Bullock County,rural,South,East South Central,Total,7619,11
2000,AL,Bullock County,rural,South,East South Central,Total,7601,14.5
2001,AL,Bullock County,rural,South,East South Central,Total,7495,18
2002,AL,Bullock County,rural,South,East South Central,Total,7442,21.5
2003,AL,Bullock County,rural,South,East South Central,Total,7535,25
2004,AL,Bullock County,rural,South,East South Central,Total,7364,28.5
2005,AL,Bullock County,rural,South,East South Central,Total,7424,32
2006,AL,Bullock County,rural,South,East South Central,Total,7292,30.5
2007,AL,Bullock County,rural,South,East South Central,Total,7553,29
2008,AL,Bullock County,rural,South,East South Central,Total,7472,27.5
2009,AL,Bullock County,rural,South,East South Central,Total,7486,26
2010,AL,Bullock County,rural,South,East South Central,Total,7457,24.5
2011,AL,Bullock County,rural,South,East South Central,Total,7435,23
2012,AL,Bullock County,rural,South,East South Central,Total,7247,21.5
2013,AL,Bullock County,rural,South,East South Central,Total,7238,20
2014,AL,Bullock County,rural,South,East South Central,Total,7194,20
2015,AL,Bullock County,rural,South,East South Central,Total,7273,20
2016,AL,Bullock County,rural,South,East South Central,Total,7037,NA
1970,AL,Butler County,rural,South,East South Central,Total,12634,0
1971,AL,Butler County,rural,South,East South Central,Total,12595,0
1972,AL,Butler County,rural,South,East South Central,Total,12457,0
1973,AL,Butler County,rural,South,East South Central,Total,12334,0
1974,AL,Butler County,rural,South,East South Central,Total,12344,0
1975,AL,Butler County,rural,South,East South Central,Total,12419,0
1976,AL,Butler County,rural,South,East South Central,Total,12550,0
1977,AL,Butler County,rural,South,East South Central,Total,12202,0
1978,AL,Butler County,rural,South,East South Central,Total,12208,16
1979,AL,Butler County,rural,South,East South Central,Total,12394,13.8
1980,AL,Butler County,rural,South,East South Central,Total,12761,11.6
1981,AL,Butler County,rural,South,East South Central,Total,13019,9.4
1982,AL,Butler County,rural,South,East South Central,Total,13147,7.2
1983,AL,Butler County,rural,South,East South Central,Total,13137,5
1984,AL,Butler County,rural,South,East South Central,Total,13173,3.5
1985,AL,Butler County,rural,South,East South Central,Total,13163,2
1986,AL,Butler County,rural,South,East South Central,Total,13124,23
1987,AL,Butler County,rural,South,East South Central,Total,13157,15
1988,AL,Butler County,rural,South,East South Central,Total,13007,18
1989,AL,Butler County,rural,South,East South Central,Total,12853,19
1990,AL,Butler County,rural,South,East South Central,Total,12831,20
1991,AL,Butler County,rural,South,East South Central,Total,12798,21
1992,AL,Butler County,rural,South,East South Central,Total,12898,22
1993,AL,Butler County,rural,South,East South Central,Total,12991,23
1994,AL,Butler County,rural,South,East South Central,Total,13114,24
1995,AL,Butler County,rural,South,East South Central,Total,13167,25
1996,AL,Butler County,rural,South,East South Central,Total,13318,26
1997,AL,Butler County,rural,South,East South Central,Total,13387,27
1998,AL,Butler County,rural,South,East South Central,Total,13416,28
1999,AL,Butler County,rural,South,East South Central,Total,13396,29
2000,AL,Butler County,rural,South,East South Central,Total,13262,30.16667
2001,AL,Butler County,rural,South,East South Central,Total,13209,31.33333
2002,AL,Butler County,rural,South,East South Central,Total,13051,32.5
2003,AL,Butler County,rural,South,East South Central,Total,13046,33.66667
2004,AL,Butler County,rural,South,East South Central,Total,13140,34.83333
2005,AL,Butler County,rural,South,East South Central,Total,13192,36
2006,AL,Butler County,rural,South,East South Central,Total,13220,33.5
2007,AL,Butler County,rural,South,East South Central,Total,13326,31
2008,AL,Butler County,rural,South,East South Central,Total,13364,28.5
2009,AL,Butler County,rural,South,East South Central,Total,13215,26
2010,AL,Butler County,rural,South,East South Central,Total,13269,23.5
2011,AL,Butler County,rural,South,East South Central,Total,13264,21
2012,AL,Butler County,rural,South,East South Central,Total,13261,18.5
2013,AL,Butler County,rural,South,East South Central,Total,13060,16
2014,AL,Butler County,rural,South,East South Central,Total,12823,16
2015,AL,Butler County,rural,South,East South Central,Total,12736,16
2016,AL,Butler County,rural,South,East South Central,Total,12606,NA
1970,AL,Calhoun County,small/mid,South,East South Central,Total,66064,60
1971,AL,Calhoun County,small/mid,South,East South Central,Total,66398,60.375
1972,AL,Calhoun County,small/mid,South,East South Central,Total,66765,60.75
1973,AL,Calhoun County,small/mid,South,East South Central,Total,67814,61.125
1974,AL,Calhoun County,small/mid,South,East South Central,Total,68725,61.5
1975,AL,Calhoun County,small/mid,South,East South Central,Total,69713,61.875
1976,AL,Calhoun County,small/mid,South,East South Central,Total,74933,62.25
1977,AL,Calhoun County,small/mid,South,East South Central,Total,75242,62.625
1978,AL,Calhoun County,small/mid,South,East South Central,Total,78302,63
1979,AL,Calhoun County,small/mid,South,East South Central,Total,78565,60.2
1980,AL,Calhoun County,small/mid,South,East South Central,Total,80854,57.4
1981,AL,Calhoun County,small/mid,South,East South Central,Total,81510,54.6
1982,AL,Calhoun County,small/mid,South,East South Central,Total,82410,51.8
1983,AL,Calhoun County,small/mid,South,East South Central,Total,81813,49
1984,AL,Calhoun County,small/mid,South,East South Central,Total,82206,47.5
1985,AL,Calhoun County,small/mid,South,East South Central,Total,80150,46
1986,AL,Calhoun County,small/mid,South,East South Central,Total,79541,69
1987,AL,Calhoun County,small/mid,South,East South Central,Total,79749,82
1988,AL,Calhoun County,small/mid,South,East South Central,Total,78986,104
1989,AL,Calhoun County,small/mid,South,East South Central,Total,78117,157
1990,AL,Calhoun County,small/mid,South,East South Central,Total,78210,193
1991,AL,Calhoun County,small/mid,South,East South Central,Total,77271,173
1992,AL,Calhoun County,small/mid,South,East South Central,Total,77562,174
1993,AL,Calhoun County,small/mid,South,East South Central,Total,77848,82
1994,AL,Calhoun County,small/mid,South,East South Central,Total,77752,101
1995,AL,Calhoun County,small/mid,South,East South Central,Total,78128,120
1996,AL,Calhoun County,small/mid,South,East South Central,Total,78248,139
1997,AL,Calhoun County,small/mid,South,East South Central,Total,78682,158
1998,AL,Calhoun County,small/mid,South,East South Central,Total,78947,177
1999,AL,Calhoun County,small/mid,South,East South Central,Total,76703,196
2000,AL,Calhoun County,small/mid,South,East South Central,Total,73798,201
2001,AL,Calhoun County,small/mid,South,East South Central,Total,73968,264
2002,AL,Calhoun County,small/mid,South,East South Central,Total,74339,231
2003,AL,Calhoun County,small/mid,South,East South Central,Total,75047,209
2004,AL,Calhoun County,small/mid,South,East South Central,Total,75770,307
2005,AL,Calhoun County,small/mid,South,East South Central,Total,76442,382
2006,AL,Calhoun County,small/mid,South,East South Central,Total,77388,341
2007,AL,Calhoun County,small/mid,South,East South Central,Total,77874,325
2008,AL,Calhoun County,small/mid,South,East South Central,Total,78571,321
2009,AL,Calhoun County,small/mid,South,East South Central,Total,79197,333
2010,AL,Calhoun County,small/mid,South,East South Central,Total,79140,419
2011,AL,Calhoun County,small/mid,South,East South Central,Total,79052,296.3333
2012,AL,Calhoun County,small/mid,South,East South Central,Total,78295,173.6667
2013,AL,Calhoun County,small/mid,South,East South Central,Total,77623,51
2014,AL,Calhoun County,small/mid,South,East South Central,Total,76958,26
2015,AL,Calhoun County,small/mid,South,East South Central,Total,76310,1
2016,AL,Calhoun County,small/mid,South,East South Central,Total,75730,NA
1970,AL,Chambers County,rural,South,East South Central,Total,21940,24
1971,AL,Chambers County,rural,South,East South Central,Total,21835,22.125
1972,AL,Chambers County,rural,South,East South Central,Total,21687,20.25
1973,AL,Chambers County,rural,South,East South Central,Total,22289,18.375
1974,AL,Chambers County,rural,South,East South Central,Total,22689,16.5
1975,AL,Chambers County,rural,South,East South Central,Total,22661,14.625
1976,AL,Chambers County,rural,South,East South Central,Total,23046,12.75
1977,AL,Chambers County,rural,South,East South Central,Total,23346,10.875
1978,AL,Chambers County,rural,South,East South Central,Total,23604,9
1979,AL,Chambers County,rural,South,East South Central,Total,23982,10.2
1980,AL,Chambers County,rural,South,East South Central,Total,23894,11.4
1981,AL,Chambers County,rural,South,East South Central,Total,24078,12.6
1982,AL,Chambers County,rural,South,East South Central,Total,24101,13.8
1983,AL,Chambers County,rural,South,East South Central,Total,24101,15
1984,AL,Chambers County,rural,South,East South Central,Total,24047,15
1985,AL,Chambers County,rural,South,East South Central,Total,23818,15
1986,AL,Chambers County,rural,South,East South Central,Total,23489,14
1987,AL,Chambers County,rural,South,East South Central,Total,23394,14
1988,AL,Chambers County,rural,South,East South Central,Total,23162,25
1989,AL,Chambers County,rural,South,East South Central,Total,23025,22
1990,AL,Chambers County,rural,South,East South Central,Total,22953,39
1991,AL,Chambers County,rural,South,East South Central,Total,22948,12
1992,AL,Chambers County,rural,South,East South Central,Total,23051,17
1993,AL,Chambers County,rural,South,East South Central,Total,23058,59
1994,AL,Chambers County,rural,South,East South Central,Total,23199,56
1995,AL,Chambers County,rural,South,East South Central,Total,23296,53
1996,AL,Chambers County,rural,South,East South Central,Total,23196,50
1997,AL,Chambers County,rural,South,East South Central,Total,23075,47
1998,AL,Chambers County,rural,South,East South Central,Total,23275,44
1999,AL,Chambers County,rural,South,East South Central,Total,23087,41
2000,AL,Chambers County,rural,South,East South Central,Total,23178,42.83333
2001,AL,Chambers County,rural,South,East South Central,Total,23014,44.66667
2002,AL,Chambers County,rural,South,East South Central,Total,22804,46.5
2003,AL,Chambers County,rural,South,East South Central,Total,22699,48.33333
2004,AL,Chambers County,rural,South,East South Central,Total,22646,50.16667
2005,AL,Chambers County,rural,South,East South Central,Total,22636,52
2006,AL,Chambers County,rural,South,East South Central,Total,22484,51.5
2007,AL,Chambers County,rural,South,East South Central,Total,22563,51
2008,AL,Chambers County,rural,South,East South Central,Total,22401,50.5
2009,AL,Chambers County,rural,South,East South Central,Total,22295,50
2010,AL,Chambers County,rural,South,East South Central,Total,22244,49.5
2011,AL,Chambers County,rural,South,East South Central,Total,22216,49
2012,AL,Chambers County,rural,South,East South Central,Total,22105,48.5
2013,AL,Chambers County,rural,South,East South Central,Total,22055,48
2014,AL,Chambers County,rural,South,East South Central,Total,22031,48
2015,AL,Chambers County,rural,South,East South Central,Total,21773,48
2016,AL,Chambers County,rural,South,East South Central,Total,21737,NA
1970,AL,Cherokee County,rural,South,East South Central,Total,9817,2
1971,AL,Cherokee County,rural,South,East South Central,Total,10335,2.375
1972,AL,Cherokee County,rural,South,East South Central,Total,10576,2.75
1973,AL,Cherokee County,rural,South,East South Central,Total,10876,3.125
1974,AL,Cherokee County,rural,South,East South Central,Total,11213,3.5
1975,AL,Cherokee County,rural,South,East South Central,Total,11545,3.875
1976,AL,Cherokee County,rural,South,East South Central,Total,11932,4.25
1977,AL,Cherokee County,rural,South,East South Central,Total,11842,4.625
1978,AL,Cherokee County,rural,South,East South Central,Total,11981,5
1979,AL,Cherokee County,rural,South,East South Central,Total,12019,5.2
1980,AL,Cherokee County,rural,South,East South Central,Total,12140,5.4
1981,AL,Cherokee County,rural,South,East South Central,Total,12456,5.6
1982,AL,Cherokee County,rural,South,East South Central,Total,12642,5.8
1983,AL,Cherokee County,rural,South,East South Central,Total,12421,6
1984,AL,Cherokee County,rural,South,East South Central,Total,12368,6.2
1985,AL,Cherokee County,rural,South,East South Central,Total,12337,6.4
1986,AL,Cherokee County,rural,South,East South Central,Total,12441,6.6
1987,AL,Cherokee County,rural,South,East South Central,Total,12631,6.8
1988,AL,Cherokee County,rural,South,East South Central,Total,12827,7
1989,AL,Cherokee County,rural,South,East South Central,Total,12787,6.2
1990,AL,Cherokee County,rural,South,East South Central,Total,12978,5.4
1991,AL,Cherokee County,rural,South,East South Central,Total,13086,4.6
1992,AL,Cherokee County,rural,South,East South Central,Total,13294,3.8
1993,AL,Cherokee County,rural,South,East South Central,Total,13631,3
1994,AL,Cherokee County,rural,South,East South Central,Total,13940,9.166667
1995,AL,Cherokee County,rural,South,East South Central,Total,14355,15.33333
1996,AL,Cherokee County,rural,South,East South Central,Total,14714,21.5
1997,AL,Cherokee County,rural,South,East South Central,Total,15026,27.66667
1998,AL,Cherokee County,rural,South,East South Central,Total,15339,33.83333
1999,AL,Cherokee County,rural,South,East South Central,Total,15482,40
2000,AL,Cherokee County,rural,South,East South Central,Total,15745,47.66667
2001,AL,Cherokee County,rural,South,East South Central,Total,15874,55.33333
2002,AL,Cherokee County,rural,South,East South Central,Total,15991,63
2003,AL,Cherokee County,rural,South,East South Central,Total,16123,70.66666
2004,AL,Cherokee County,rural,South,East South Central,Total,16339,78.33334
2005,AL,Cherokee County,rural,South,East South Central,Total,16426,86
2006,AL,Cherokee County,rural,South,East South Central,Total,16631,81
2007,AL,Cherokee County,rural,South,East South Central,Total,16662,70
2008,AL,Cherokee County,rural,South,East South Central,Total,16696,60
2009,AL,Cherokee County,rural,South,East South Central,Total,16754,70
2010,AL,Cherokee County,rural,South,East South Central,Total,16795,75
2011,AL,Cherokee County,rural,South,East South Central,Total,16784,107
2012,AL,Cherokee County,rural,South,East South Central,Total,16728,25
2013,AL,Cherokee County,rural,South,East South Central,Total,16507,89
2014,AL,Cherokee County,rural,South,East South Central,Total,16358,80
2015,AL,Cherokee County,rural,South,East South Central,Total,16151,80
2016,AL,Cherokee County,rural,South,East South Central,Total,15983,NA
1970,AL,Chilton County,suburban,South,East South Central,Total,15132,10
1971,AL,Chilton County,suburban,South,East South Central,Total,15393,9.625
1972,AL,Chilton County,suburban,South,East South Central,Total,15986,9.25
1973,AL,Chilton County,suburban,South,East South Central,Total,16586,8.875
1974,AL,Chilton County,suburban,South,East South Central,Total,17095,8.5
1975,AL,Chilton County,suburban,South,East South Central,Total,17572,8.125
1976,AL,Chilton County,suburban,South,East South Central,Total,17987,7.75
1977,AL,Chilton County,suburban,South,East South Central,Total,18238,7.375
1978,AL,Chilton County,suburban,South,East South Central,Total,18685,7
1979,AL,Chilton County,suburban,South,East South Central,Total,19106,6.8
1980,AL,Chilton County,suburban,South,East South Central,Total,19227,6.6
1981,AL,Chilton County,suburban,South,East South Central,Total,19332,6.4
1982,AL,Chilton County,suburban,South,East South Central,Total,19177,6.2
1983,AL,Chilton County,suburban,South,East South Central,Total,19462,6
1984,AL,Chilton County,suburban,South,East South Central,Total,19748,5
1985,AL,Chilton County,suburban,South,East South Central,Total,20120,4
1986,AL,Chilton County,suburban,South,East South Central,Total,20417,4.625
1987,AL,Chilton County,suburban,South,East South Central,Total,20500,5.25
1988,AL,Chilton County,suburban,South,East South Central,Total,20710,5.875
1989,AL,Chilton County,suburban,South,East South Central,Total,20727,6.5
1990,AL,Chilton County,suburban,South,East South Central,Total,20960,7.125
1991,AL,Chilton County,suburban,South,East South Central,Total,21399,7.75
1992,AL,Chilton County,suburban,South,East South Central,Total,21661,8.375
1993,AL,Chilton County,suburban,South,East South Central,Total,22054,9
1994,AL,Chilton County,suburban,South,East South Central,Total,22516,15
1995,AL,Chilton County,suburban,South,East South Central,Total,23049,21
1996,AL,Chilton County,suburban,South,East South Central,Total,23728,27
1997,AL,Chilton County,suburban,South,East South Central,Total,24324,33
1998,AL,Chilton County,suburban,South,East South Central,Total,24904,39
1999,AL,Chilton County,suburban,South,East South Central,Total,25483,45
2000,AL,Chilton County,suburban,South,East South Central,Total,26226,51
2001,AL,Chilton County,suburban,South,East South Central,Total,26415,57
2002,AL,Chilton County,suburban,South,East South Central,Total,26870,67
2003,AL,Chilton County,suburban,South,East South Central,Total,27109,77
2004,AL,Chilton County,suburban,South,East South Central,Total,27483,84
2005,AL,Chilton County,suburban,South,East South Central,Total,27780,147
2006,AL,Chilton County,suburban,South,East South Central,Total,27979,64
2007,AL,Chilton County,suburban,South,East South Central,Total,28287,62
2008,AL,Chilton County,suburban,South,East South Central,Total,28455,20
2009,AL,Chilton County,suburban,South,East South Central,Total,28577,165
2010,AL,Chilton County,suburban,South,East South Central,Total,28646,103
2011,AL,Chilton County,suburban,South,East South Central,Total,28643,145
2012,AL,Chilton County,suburban,South,East South Central,Total,28620,218
2013,AL,Chilton County,suburban,South,East South Central,Total,28383,120
2014,AL,Chilton County,suburban,South,East South Central,Total,28379,120
2015,AL,Chilton County,suburban,South,East South Central,Total,28273,120
2016,AL,Chilton County,suburban,South,East South Central,Total,28105,NA
1970,AL,Choctaw County,rural,South,East South Central,Total,9388,5
1971,AL,Choctaw County,rural,South,East South Central,Total,9364,4.625
1972,AL,Choctaw County,rural,South,East South Central,Total,9522,4.25
1973,AL,Choctaw County,rural,South,East South Central,Total,9764,3.875
1974,AL,Choctaw County,rural,South,East South Central,Total,9692,3.5
1975,AL,Choctaw County,rural,South,East South Central,Total,9997,3.125
1976,AL,Choctaw County,rural,South,East South Central,Total,10229,2.75
1977,AL,Choctaw County,rural,South,East South Central,Total,10209,2.375
1978,AL,Choctaw County,rural,South,East South Central,Total,10016,2
1979,AL,Choctaw County,rural,South,East South Central,Total,10043,3
1980,AL,Choctaw County,rural,South,East South Central,Total,10021,4
1981,AL,Choctaw County,rural,South,East South Central,Total,10013,5
1982,AL,Choctaw County,rural,South,East South Central,Total,9892,6
1983,AL,Choctaw County,rural,South,East South Central,Total,10075,7
1984,AL,Choctaw County,rural,South,East South Central,Total,10151,7.6
1985,AL,Choctaw County,rural,South,East South Central,Total,10266,8.2
1986,AL,Choctaw County,rural,South,East South Central,Total,10346,8.8
1987,AL,Choctaw County,rural,South,East South Central,Total,10297,9.4
1988,AL,Choctaw County,rural,South,East South Central,Total,10281,10
1989,AL,Choctaw County,rural,South,East South Central,Total,10109,10
1990,AL,Choctaw County,rural,South,East South Central,Total,10087,10
1991,AL,Choctaw County,rural,South,East South Central,Total,10102,10
1992,AL,Choctaw County,rural,South,East South Central,Total,10208,10
1993,AL,Choctaw County,rural,South,East South Central,Total,10255,10
1994,AL,Choctaw County,rural,South,East South Central,Total,10274,10.83333
1995,AL,Choctaw County,rural,South,East South Central,Total,10269,11.66667
1996,AL,Choctaw County,rural,South,East South Central,Total,10349,12.5
1997,AL,Choctaw County,rural,South,East South Central,Total,10321,13.33333
1998,AL,Choctaw County,rural,South,East South Central,Total,10380,14.16667
1999,AL,Choctaw County,rural,South,East South Central,Total,10216,15
2000,AL,Choctaw County,rural,South,East South Central,Total,10198,15
2001,AL,Choctaw County,rural,South,East South Central,Total,10059,15
2002,AL,Choctaw County,rural,South,East South Central,Total,9878,15
2003,AL,Choctaw County,rural,South,East South Central,Total,9750,15
2004,AL,Choctaw County,rural,South,East South Central,Total,9575,15
2005,AL,Choctaw County,rural,South,East South Central,Total,9343,15
2006,AL,Choctaw County,rural,South,East South Central,Total,9244,13.5
2007,AL,Choctaw County,rural,South,East South Central,Total,9038,12
2008,AL,Choctaw County,rural,South,East South Central,Total,8964,10.5
2009,AL,Choctaw County,rural,South,East South Central,Total,8862,9
2010,AL,Choctaw County,rural,South,East South Central,Total,8773,7.5
2011,AL,Choctaw County,rural,South,East South Central,Total,8769,6
2012,AL,Choctaw County,rural,South,East South Central,Total,8593,4.5
2013,AL,Choctaw County,rural,South,East South Central,Total,8532,3
2014,AL,Choctaw County,rural,South,East South Central,Total,8412,3
2015,AL,Choctaw County,rural,South,East South Central,Total,8333,3
2016,AL,Choctaw County,rural,South,East South Central,Total,8197,NA
1970,AL,Clarke County,rural,South,East South Central,Total,14909,0
1971,AL,Clarke County,rural,South,East South Central,Total,14536,0
1972,AL,Clarke County,rural,South,East South Central,Total,14889,0
1973,AL,Clarke County,rural,South,East South Central,Total,15157,0
1974,AL,Clarke County,rural,South,East South Central,Total,15477,0
1975,AL,Clarke County,rural,South,East South Central,Total,15862,0
1976,AL,Clarke County,rural,South,East South Central,Total,16306,0
1977,AL,Clarke County,rural,South,East South Central,Total,16649,0
1978,AL,Clarke County,rural,South,East South Central,Total,16817,12
1979,AL,Clarke County,rural,South,East South Central,Total,16414,12.4
1980,AL,Clarke County,rural,South,East South Central,Total,16562,12.8
1981,AL,Clarke County,rural,South,East South Central,Total,16883,13.2
1982,AL,Clarke County,rural,South,East South Central,Total,16870,13.6
1983,AL,Clarke County,rural,South,East South Central,Total,16907,14
1984,AL,Clarke County,rural,South,East South Central,Total,16865,11
1985,AL,Clarke County,rural,South,East South Central,Total,16823,8
1986,AL,Clarke County,rural,South,East South Central,Total,16889,7
1987,AL,Clarke County,rural,South,East South Central,Total,17078,14
1988,AL,Clarke County,rural,South,East South Central,Total,16965,15
1989,AL,Clarke County,rural,South,East South Central,Total,16920,15
1990,AL,Clarke County,rural,South,East South Central,Total,17149,15
1991,AL,Clarke County,rural,South,East South Central,Total,17220,15
1992,AL,Clarke County,rural,South,East South Central,Total,17325,15
1993,AL,Clarke County,rural,South,East South Central,Total,17350,15
1994,AL,Clarke County,rural,South,East South Central,Total,17475,13
1995,AL,Clarke County,rural,South,East South Central,Total,17312,11
1996,AL,Clarke County,rural,South,East South Central,Total,17381,9
1997,AL,Clarke County,rural,South,East South Central,Total,17650,7
1998,AL,Clarke County,rural,South,East South Central,Total,17595,5
1999,AL,Clarke County,rural,South,East South Central,Total,17693,3
2000,AL,Clarke County,rural,South,East South Central,Total,17625,21.5
2001,AL,Clarke County,rural,South,East South Central,Total,17477,40
2002,AL,Clarke County,rural,South,East South Central,Total,17324,41
2003,AL,Clarke County,rural,South,East South Central,Total,17232,56
2004,AL,Clarke County,rural,South,East South Central,Total,17117,71
2005,AL,Clarke County,rural,South,East South Central,Total,17076,86
2006,AL,Clarke County,rural,South,East South Central,Total,17123,88
2007,AL,Clarke County,rural,South,East South Central,Total,16956,109
2008,AL,Clarke County,rural,South,East South Central,Total,16874,87
2009,AL,Clarke County,rural,South,East South Central,Total,16719,77
2010,AL,Clarke County,rural,South,East South Central,Total,16545,102
2011,AL,Clarke County,rural,South,East South Central,Total,16513,59
2012,AL,Clarke County,rural,South,East South Central,Total,16452,17
2013,AL,Clarke County,rural,South,East South Central,Total,16100,75.5
2014,AL,Clarke County,rural,South,East South Central,Total,16064,134
2015,AL,Clarke County,rural,South,East South Central,Total,15876,134
2016,AL,Clarke County,rural,South,East South Central,Total,15720,NA
1970,AL,Clay County,rural,South,East South Central,Total,7287,0
1971,AL,Clay County,rural,South,East South Central,Total,7455,0
1972,AL,Clay County,rural,South,East South Central,Total,7693,0
1973,AL,Clay County,rural,South,East South Central,Total,7528,0
1974,AL,Clay County,rural,South,East South Central,Total,7681,0
1975,AL,Clay County,rural,South,East South Central,Total,7726,0
1976,AL,Clay County,rural,South,East South Central,Total,7925,0
1977,AL,Clay County,rural,South,East South Central,Total,7926,0
1978,AL,Clay County,rural,South,East South Central,Total,8231,6
1979,AL,Clay County,rural,South,East South Central,Total,8400,6.6
1980,AL,Clay County,rural,South,East South Central,Total,8308,7.2
1981,AL,Clay County,rural,South,East South Central,Total,8431,7.8
1982,AL,Clay County,rural,South,East South Central,Total,8406,8.4
1983,AL,Clay County,rural,South,East South Central,Total,8446,9
1984,AL,Clay County,rural,South,East South Central,Total,8432,7
1985,AL,Clay County,rural,South,East South Central,Total,8498,5
1986,AL,Clay County,rural,South,East South Central,Total,8413,1
1987,AL,Clay County,rural,South,East South Central,Total,8343,14
1988,AL,Clay County,rural,South,East South Central,Total,8324,7
1989,AL,Clay County,rural,South,East South Central,Total,8272,7
1990,AL,Clay County,rural,South,East South Central,Total,8398,7
1991,AL,Clay County,rural,South,East South Central,Total,8412,7
1992,AL,Clay County,rural,South,East South Central,Total,8462,7
1993,AL,Clay County,rural,South,East South Central,Total,8524,7
1994,AL,Clay County,rural,South,East South Central,Total,8559,7
1995,AL,Clay County,rural,South,East South Central,Total,8559,7
1996,AL,Clay County,rural,South,East South Central,Total,8674,7
1997,AL,Clay County,rural,South,East South Central,Total,8860,7
1998,AL,Clay County,rural,South,East South Central,Total,8979,19.5
1999,AL,Clay County,rural,South,East South Central,Total,9044,32
2000,AL,Clay County,rural,South,East South Central,Total,9137,44.5
2001,AL,Clay County,rural,South,East South Central,Total,9141,57
2002,AL,Clay County,rural,South,East South Central,Total,9118,69.5
2003,AL,Clay County,rural,South,East South Central,Total,9100,82
2004,AL,Clay County,rural,South,East South Central,Total,9062,94.5
2005,AL,Clay County,rural,South,East South Central,Total,9011,107
2006,AL,Clay County,rural,South,East South Central,Total,8963,98.375
2007,AL,Clay County,rural,South,East South Central,Total,9003,89.75
2008,AL,Clay County,rural,South,East South Central,Total,9020,81.125
2009,AL,Clay County,rural,South,East South Central,Total,8934,72.5
2010,AL,Clay County,rural,South,East South Central,Total,8909,63.875
2011,AL,Clay County,rural,South,East South Central,Total,8892,55.25
2012,AL,Clay County,rural,South,East South Central,Total,8760,46.625
2013,AL,Clay County,rural,South,East South Central,Total,8570,38
2014,AL,Clay County,rural,South,East South Central,Total,8577,38
2015,AL,Clay County,rural,South,East South Central,Total,8556,38
2016,AL,Clay County,rural,South,East South Central,Total,8512,NA
1970,AL,Cleburne County,rural,South,East South Central,Total,6707,16
1971,AL,Cleburne County,rural,South,East South Central,Total,6799,15.07692
1972,AL,Cleburne County,rural,South,East South Central,Total,6960,14.15385
1973,AL,Cleburne County,rural,South,East South Central,Total,7171,13.23077
1974,AL,Cleburne County,rural,South,East South Central,Total,7318,12.30769
1975,AL,Cleburne County,rural,South,East South Central,Total,7447,11.38461
1976,AL,Cleburne County,rural,South,East South Central,Total,7557,10.46154
1977,AL,Cleburne County,rural,South,East South Central,Total,7594,9.5384620000000009
1978,AL,Cleburne County,rural,South,East South Central,Total,7714,8.615385
1979,AL,Cleburne County,rural,South,East South Central,Total,7968,7.692307
1980,AL,Cleburne County,rural,South,East South Central,Total,8027,6.7692310000000004
1981,AL,Cleburne County,rural,South,East South Central,Total,8154,5.846154
1982,AL,Cleburne County,rural,South,East South Central,Total,8234,4.923077
1983,AL,Cleburne County,rural,South,East South Central,Total,8164,4
1984,AL,Cleburne County,rural,South,East South Central,Total,8133,4
1985,AL,Cleburne County,rural,South,East South Central,Total,8192,4
1986,AL,Cleburne County,rural,South,East South Central,Total,8147,4
1987,AL,Cleburne County,rural,South,East South Central,Total,8289,4
1988,AL,Cleburne County,rural,South,East South Central,Total,8302,4
1989,AL,Cleburne County,rural,South,East South Central,Total,8310,3.8
1990,AL,Cleburne County,rural,South,East South Central,Total,8343,3.6
1991,AL,Cleburne County,rural,South,East South Central,Total,8304,3.4
1992,AL,Cleburne County,rural,South,East South Central,Total,8424,3.2
1993,AL,Cleburne County,rural,South,East South Central,Total,8571,3
1994,AL,Cleburne County,rural,South,East South Central,Total,8579,3.333333
1995,AL,Cleburne County,rural,South,East South Central,Total,8588,3.666667
1996,AL,Cleburne County,rural,South,East South Central,Total,8723,4
1997,AL,Cleburne County,rural,South,East South Central,Total,9079,4.333333
1998,AL,Cleburne County,rural,South,East South Central,Total,9220,4.666667
1999,AL,Cleburne County,rural,South,East South Central,Total,9304,5
2000,AL,Cleburne County,rural,South,East South Central,Total,9384,12.33333
2001,AL,Cleburne County,rural,South,East South Central,Total,9398,19.66667
2002,AL,Cleburne County,rural,South,East South Central,Total,9540,27
2003,AL,Cleburne County,rural,South,East South Central,Total,9519,34.33333
2004,AL,Cleburne County,rural,South,East South Central,Total,9429,41.66667
2005,AL,Cleburne County,rural,South,East South Central,Total,9423,49
2006,AL,Cleburne County,rural,South,East South Central,Total,9547,47.875
2007,AL,Cleburne County,rural,South,East South Central,Total,9658,46.75
2008,AL,Cleburne County,rural,South,East South Central,Total,9702,45.625
2009,AL,Cleburne County,rural,South,East South Central,Total,9705,44.5
2010,AL,Cleburne County,rural,South,East South Central,Total,9734,43.375
2011,AL,Cleburne County,rural,South,East South Central,Total,9735,42.25
2012,AL,Cleburne County,rural,South,East South Central,Total,9617,41.125
2013,AL,Cleburne County,rural,South,East South Central,Total,9473,40
2014,AL,Cleburne County,rural,South,East South Central,Total,9448,44.5
2015,AL,Cleburne County,rural,South,East South Central,Total,9369,49
2016,AL,Cleburne County,rural,South,East South Central,Total,9333,NA
1970,AL,Coffee County,rural,South,East South Central,Total,21674,8
1971,AL,Coffee County,rural,South,East South Central,Total,22496,8.375
1972,AL,Coffee County,rural,South,East South Central,Total,22403,8.75
1973,AL,Coffee County,rural,South,East South Central,Total,22117,9.125
1974,AL,Coffee County,rural,South,East South Central,Total,22120,9.5
1975,AL,Coffee County,rural,South,East South Central,Total,22842,9.875
1976,AL,Coffee County,rural,South,East South Central,Total,23369,10.25
1977,AL,Coffee County,rural,South,East South Central,Total,23817,10.625
1978,AL,Coffee County,rural,South,East South Central,Total,23998,11
1979,AL,Coffee County,rural,South,East South Central,Total,24408,10.6
1980,AL,Coffee County,rural,South,East South Central,Total,25155,10.2
1981,AL,Coffee County,rural,South,East South Central,Total,25827,9.8
1982,AL,Coffee County,rural,South,East South Central,Total,25976,9.4
1983,AL,Coffee County,rural,South,East South Central,Total,26296,9
1984,AL,Coffee County,rural,South,East South Central,Total,26357,15.4
1985,AL,Coffee County,rural,South,East South Central,Total,26523,21.8
1986,AL,Coffee County,rural,South,East South Central,Total,26746,28.2
1987,AL,Coffee County,rural,South,East South Central,Total,26629,34.6
1988,AL,Coffee County,rural,South,East South Central,Total,26821,41
1989,AL,Coffee County,rural,South,East South Central,Total,26594,42
1990,AL,Coffee County,rural,South,East South Central,Total,26635,43
1991,AL,Coffee County,rural,South,East South Central,Total,26761,44
1992,AL,Coffee County,rural,South,East South Central,Total,27369,45
1993,AL,Coffee County,rural,South,East South Central,Total,27625,46
1994,AL,Coffee County,rural,South,East South Central,Total,28114,47
1995,AL,Coffee County,rural,South,East South Central,Total,28412,48
1996,AL,Coffee County,rural,South,East South Central,Total,28358,49
1997,AL,Coffee County,rural,South,East South Central,Total,28263,50
1998,AL,Coffee County,rural,South,East South Central,Total,28578,85
1999,AL,Coffee County,rural,South,East South Central,Total,28687,65
2000,AL,Coffee County,rural,South,East South Central,Total,28584,72.33334
2001,AL,Coffee County,rural,South,East South Central,Total,28607,79.66666
2002,AL,Coffee County,rural,South,East South Central,Total,28853,87
2003,AL,Coffee County,rural,South,East South Central,Total,29008,94.33334
2004,AL,Coffee County,rural,South,East South Central,Total,29560,101.6667
2005,AL,Coffee County,rural,South,East South Central,Total,29903,109
2006,AL,Coffee County,rural,South,East South Central,Total,30297,129
2007,AL,Coffee County,rural,South,East South Central,Total,31147,128
2008,AL,Coffee County,rural,South,East South Central,Total,31838,120
2009,AL,Coffee County,rural,South,East South Central,Total,32466,106
2010,AL,Coffee County,rural,South,East South Central,Total,32791,133
2011,AL,Coffee County,rural,South,East South Central,Total,32941,129
2012,AL,Coffee County,rural,South,East South Central,Total,32969,125
2013,AL,Coffee County,rural,South,East South Central,Total,33379,95
2014,AL,Coffee County,rural,South,East South Central,Total,32976,111
2015,AL,Coffee County,rural,South,East South Central,Total,32828,111
2016,AL,Coffee County,rural,South,East South Central,Total,32920,NA
1970,AL,Colbert County,small/mid,South,East South Central,Total,30445,11
1971,AL,Colbert County,small/mid,South,East South Central,Total,31001,10.25
1972,AL,Colbert County,small/mid,South,East South Central,Total,31471,9.5
1973,AL,Colbert County,small/mid,South,East South Central,Total,32107,8.75
1974,AL,Colbert County,small/mid,South,East South Central,Total,31962,8
1975,AL,Colbert County,small/mid,South,East South Central,Total,33063,7.25
1976,AL,Colbert County,small/mid,South,East South Central,Total,33339,6.5
1977,AL,Colbert County,small/mid,South,East South Central,Total,34357,5.75
1978,AL,Colbert County,small/mid,South,East South Central,Total,34711,5
1979,AL,Colbert County,small/mid,South,East South Central,Total,35480,4.4
1980,AL,Colbert County,small/mid,South,East South Central,Total,35922,3.8
1981,AL,Colbert County,small/mid,South,East South Central,Total,36021,3.2
1982,AL,Colbert County,small/mid,South,East South Central,Total,35583,2.6
1983,AL,Colbert County,small/mid,South,East South Central,Total,35182,2
1984,AL,Colbert County,small/mid,South,East South Central,Total,34838,4.2
1985,AL,Colbert County,small/mid,South,East South Central,Total,34741,6.4
1986,AL,Colbert County,small/mid,South,East South Central,Total,34487,8.6
1987,AL,Colbert County,small/mid,South,East South Central,Total,34056,10.8
1988,AL,Colbert County,small/mid,South,East South Central,Total,33686,13
1989,AL,Colbert County,small/mid,South,East South Central,Total,33474,15.4
1990,AL,Colbert County,small/mid,South,East South Central,Total,33917,17.8
1991,AL,Colbert County,small/mid,South,East South Central,Total,34248,20.2
1992,AL,Colbert County,small/mid,South,East South Central,Total,34366,22.6
1993,AL,Colbert County,small/mid,South,East South Central,Total,34683,25
1994,AL,Colbert County,small/mid,South,East South Central,Total,34746,29.33333
1995,AL,Colbert County,small/mid,South,East South Central,Total,34843,33.66667
1996,AL,Colbert County,small/mid,South,East South Central,Total,35211,38
1997,AL,Colbert County,small/mid,South,East South Central,Total,35648,42.33333
1998,AL,Colbert County,small/mid,South,East South Central,Total,35742,46.66667
1999,AL,Colbert County,small/mid,South,East South Central,Total,35501,51
2000,AL,Colbert County,small/mid,South,East South Central,Total,35687,53.83333
2001,AL,Colbert County,small/mid,South,East South Central,Total,35601,56.66667
2002,AL,Colbert County,small/mid,South,East South Central,Total,35439,59.5
2003,AL,Colbert County,small/mid,South,East South Central,Total,35261,62.33333
2004,AL,Colbert County,small/mid,South,East South Central,Total,35337,65.16666
2005,AL,Colbert County,small/mid,South,East South Central,Total,35278,68
2006,AL,Colbert County,small/mid,South,East South Central,Total,35393,70.25
2007,AL,Colbert County,small/mid,South,East South Central,Total,35225,72.5
2008,AL,Colbert County,small/mid,South,East South Central,Total,35198,74.75
2009,AL,Colbert County,small/mid,South,East South Central,Total,35203,77
2010,AL,Colbert County,small/mid,South,East South Central,Total,35112,79.25
2011,AL,Colbert County,small/mid,South,East South Central,Total,35169,81.5
2012,AL,Colbert County,small/mid,South,East South Central,Total,35167,83.75
2013,AL,Colbert County,small/mid,South,East South Central,Total,35039,86
2014,AL,Colbert County,small/mid,South,East South Central,Total,34927,86
2015,AL,Colbert County,small/mid,South,East South Central,Total,34706,86
2016,AL,Colbert County,small/mid,South,East South Central,Total,34535,NA
1970,AL,Conecuh County,rural,South,East South Central,Total,8626,11
1971,AL,Conecuh County,rural,South,East South Central,Total,8741,10
1972,AL,Conecuh County,rural,South,East South Central,Total,8809,9
1973,AL,Conecuh County,rural,South,East South Central,Total,8816,8
1974,AL,Conecuh County,rural,South,East South Central,Total,8745,7
1975,AL,Conecuh County,rural,South,East South Central,Total,8979,6
1976,AL,Conecuh County,rural,South,East South Central,Total,8889,5
1977,AL,Conecuh County,rural,South,East South Central,Total,8902,4
1978,AL,Conecuh County,rural,South,East South Central,Total,9190,3
1979,AL,Conecuh County,rural,South,East South Central,Total,9325,2.8
1980,AL,Conecuh County,rural,South,East South Central,Total,9304,2.6
1981,AL,Conecuh County,rural,South,East South Central,Total,9213,2.4
1982,AL,Conecuh County,rural,South,East South Central,Total,9173,2.2
1983,AL,Conecuh County,rural,South,East South Central,Total,9062,2
1984,AL,Conecuh County,rural,South,East South Central,Total,8985,3.8
1985,AL,Conecuh County,rural,South,East South Central,Total,8937,5.6
1986,AL,Conecuh County,rural,South,East South Central,Total,8951,7.4
1987,AL,Conecuh County,rural,South,East South Central,Total,8823,9.2
1988,AL,Conecuh County,rural,South,East South Central,Total,8622,11
1989,AL,Conecuh County,rural,South,East South Central,Total,8478,11.08
1990,AL,Conecuh County,rural,South,East South Central,Total,8426,11.16
1991,AL,Conecuh County,rural,South,East South Central,Total,8623,11.24
1992,AL,Conecuh County,rural,South,East South Central,Total,8586,11.32
1993,AL,Conecuh County,rural,South,East South Central,Total,8656,11.4
1994,AL,Conecuh County,rural,South,East South Central,Total,8743,11.48
1995,AL,Conecuh County,rural,South,East South Central,Total,8768,11.56
1996,AL,Conecuh County,rural,South,East South Central,Total,8964,11.64
1997,AL,Conecuh County,rural,South,East South Central,Total,8914,11.72
1998,AL,Conecuh County,rural,South,East South Central,Total,8897,11.8
1999,AL,Conecuh County,rural,South,East South Central,Total,8884,11.88
2000,AL,Conecuh County,rural,South,East South Central,Total,8848,11.96
2001,AL,Conecuh County,rural,South,East South Central,Total,8786,12.04
2002,AL,Conecuh County,rural,South,East South Central,Total,8694,12.12
2003,AL,Conecuh County,rural,South,East South Central,Total,8604,12.2
2004,AL,Conecuh County,rural,South,East South Central,Total,8546,12.28
2005,AL,Conecuh County,rural,South,East South Central,Total,8564,12.36
2006,AL,Conecuh County,rural,South,East South Central,Total,8631,12.44
2007,AL,Conecuh County,rural,South,East South Central,Total,8507,12.52
2008,AL,Conecuh County,rural,South,East South Central,Total,8524,12.6
2009,AL,Conecuh County,rural,South,East South Central,Total,8439,12.68
2010,AL,Conecuh County,rural,South,East South Central,Total,8421,12.76
2011,AL,Conecuh County,rural,South,East South Central,Total,8403,12.84
2012,AL,Conecuh County,rural,South,East South Central,Total,8375,12.92
2013,AL,Conecuh County,rural,South,East South Central,Total,8160,13
2014,AL,Conecuh County,rural,South,East South Central,Total,7991,13
2015,AL,Conecuh County,rural,South,East South Central,Total,7795,13
2016,AL,Conecuh County,rural,South,East South Central,Total,7724,NA
1970,AL,Coosa County,rural,South,East South Central,Total,6281,4
1971,AL,Coosa County,rural,South,East South Central,Total,6310,3.875
1972,AL,Coosa County,rural,South,East South Central,Total,6423,3.75
1973,AL,Coosa County,rural,South,East South Central,Total,6810,3.625
1974,AL,Coosa County,rural,South,East South Central,Total,6891,3.5
1975,AL,Coosa County,rural,South,East South Central,Total,6920,3.375
1976,AL,Coosa County,rural,South,East South Central,Total,6805,3.25
1977,AL,Coosa County,rural,South,East South Central,Total,7049,3.125
1978,AL,Coosa County,rural,South,East South Central,Total,7165,3
1979,AL,Coosa County,rural,South,East South Central,Total,7170,4.8
1980,AL,Coosa County,rural,South,East South Central,Total,7036,6.6
1981,AL,Coosa County,rural,South,East South Central,Total,7110,8.4
1982,AL,Coosa County,rural,South,East South Central,Total,7066,10.2
1983,AL,Coosa County,rural,South,East South Central,Total,7050,12
1984,AL,Coosa County,rural,South,East South Central,Total,7068,10.8
1985,AL,Coosa County,rural,South,East South Central,Total,6969,9.6
1986,AL,Coosa County,rural,South,East South Central,Total,7064,8.4
1987,AL,Coosa County,rural,South,East South Central,Total,7122,7.2
1988,AL,Coosa County,rural,South,East South Central,Total,7064,6
1989,AL,Coosa County,rural,South,East South Central,Total,7070,11
1990,AL,Coosa County,rural,South,East South Central,Total,7124,10
1991,AL,Coosa County,rural,South,East South Central,Total,7204,9
1992,AL,Coosa County,rural,South,East South Central,Total,7236,10
1993,AL,Coosa County,rural,South,East South Central,Total,7432,6
1994,AL,Coosa County,rural,South,East South Central,Total,7681,6.5
1995,AL,Coosa County,rural,South,East South Central,Total,7786,7
1996,AL,Coosa County,rural,South,East South Central,Total,7723,7.5
1997,AL,Coosa County,rural,South,East South Central,Total,7753,8
1998,AL,Coosa County,rural,South,East South Central,Total,7820,8.5
1999,AL,Coosa County,rural,South,East South Central,Total,7946,9
2000,AL,Coosa County,rural,South,East South Central,Total,7707,13.5
2001,AL,Coosa County,rural,South,East South Central,Total,7748,18
2002,AL,Coosa County,rural,South,East South Central,Total,7685,22.5
2003,AL,Coosa County,rural,South,East South Central,Total,7686,27
2004,AL,Coosa County,rural,South,East South Central,Total,7600,31.5
2005,AL,Coosa County,rural,South,East South Central,Total,7604,36
2006,AL,Coosa County,rural,South,East South Central,Total,7574,73
2007,AL,Coosa County,rural,South,East South Central,Total,7610,56
2008,AL,Coosa County,rural,South,East South Central,Total,7633,61
2009,AL,Coosa County,rural,South,East South Central,Total,7578,57
2010,AL,Coosa County,rural,South,East South Central,Total,7896,61
2011,AL,Coosa County,rural,South,East South Central,Total,7901,29
2012,AL,Coosa County,rural,South,East South Central,Total,7655,40
2013,AL,Coosa County,rural,South,East South Central,Total,7541,26
2014,AL,Coosa County,rural,South,East South Central,Total,7455,24
2015,AL,Coosa County,rural,South,East South Central,Total,7215,24
2016,AL,Coosa County,rural,South,East South Central,Total,7082,NA
1970,AL,Covington County,rural,South,East South Central,Total,20572,11
1971,AL,Covington County,rural,South,East South Central,Total,20888,10.875
1972,AL,Covington County,rural,South,East South Central,Total,21210,10.75
1973,AL,Covington County,rural,South,East South Central,Total,21545,10.625
1974,AL,Covington County,rural,South,East South Central,Total,22110,10.5
1975,AL,Covington County,rural,South,East South Central,Total,22264,10.375
1976,AL,Covington County,rural,South,East South Central,Total,22360,10.25
1977,AL,Covington County,rural,South,East South Central,Total,22421,10.125
1978,AL,Covington County,rural,South,East South Central,Total,22585,10
1979,AL,Covington County,rural,South,East South Central,Total,23031,10
1980,AL,Covington County,rural,South,East South Central,Total,22907,10
1981,AL,Covington County,rural,South,East South Central,Total,22958,10
1982,AL,Covington County,rural,South,East South Central,Total,22860,10
1983,AL,Covington County,rural,South,East South Central,Total,22907,10
1984,AL,Covington County,rural,South,East South Central,Total,23012,13
1985,AL,Covington County,rural,South,East South Central,Total,23117,16
1986,AL,Covington County,rural,South,East South Central,Total,22912,17.66667
1987,AL,Covington County,rural,South,East South Central,Total,22869,19.33333
1988,AL,Covington County,rural,South,East South Central,Total,22737,21
1989,AL,Covington County,rural,South,East South Central,Total,22623,17
1990,AL,Covington County,rural,South,East South Central,Total,22710,13
1991,AL,Covington County,rural,South,East South Central,Total,22777,9
1992,AL,Covington County,rural,South,East South Central,Total,23029,5
1993,AL,Covington County,rural,South,East South Central,Total,23211,1
1994,AL,Covington County,rural,South,East South Central,Total,23153,4.5
1995,AL,Covington County,rural,South,East South Central,Total,23432,8
1996,AL,Covington County,rural,South,East South Central,Total,23618,11.5
1997,AL,Covington County,rural,South,East South Central,Total,23615,15
1998,AL,Covington County,rural,South,East South Central,Total,23708,18.5
1999,AL,Covington County,rural,South,East South Central,Total,23787,22
2000,AL,Covington County,rural,South,East South Central,Total,23545,49.5
2001,AL,Covington County,rural,South,East South Central,Total,23375,77
2002,AL,Covington County,rural,South,East South Central,Total,23276,57
2003,AL,Covington County,rural,South,East South Central,Total,23275,101
2004,AL,Covington County,rural,South,East South Central,Total,23319,140
2005,AL,Covington County,rural,South,East South Central,Total,23509,187
2006,AL,Covington County,rural,South,East South Central,Total,23686,209
2007,AL,Covington County,rural,South,East South Central,Total,23864,185
2008,AL,Covington County,rural,South,East South Central,Total,23829,203
2009,AL,Covington County,rural,South,East South Central,Total,23779,150
2010,AL,Covington County,rural,South,East South Central,Total,23806,97
2011,AL,Covington County,rural,South,East South Central,Total,23826,44
2012,AL,Covington County,rural,South,East South Central,Total,23900,84.33334
2013,AL,Covington County,rural,South,East South Central,Total,23640,124.6667
2014,AL,Covington County,rural,South,East South Central,Total,23514,165
2015,AL,Covington County,rural,South,East South Central,Total,23378,165
2016,AL,Covington County,rural,South,East South Central,Total,23209,NA
1970,AL,Crenshaw County,rural,South,East South Central,Total,7748,7
1971,AL,Crenshaw County,rural,South,East South Central,Total,7829,6.25
1972,AL,Crenshaw County,rural,South,East South Central,Total,7929,5.5
1973,AL,Crenshaw County,rural,South,East South Central,Total,8246,4.75
1974,AL,Crenshaw County,rural,South,East South Central,Total,8324,4
1975,AL,Crenshaw County,rural,South,East South Central,Total,8216,3.25
1976,AL,Crenshaw County,rural,South,East South Central,Total,8278,2.5
1977,AL,Crenshaw County,rural,South,East South Central,Total,8295,1.75
1978,AL,Crenshaw County,rural,South,East South Central,Total,8274,1
1979,AL,Crenshaw County,rural,South,East South Central,Total,8391,1.8
1980,AL,Crenshaw County,rural,South,East South Central,Total,8417,2.6
1981,AL,Crenshaw County,rural,South,East South Central,Total,8452,3.4
1982,AL,Crenshaw County,rural,South,East South Central,Total,8377,4.2
1983,AL,Crenshaw County,rural,South,East South Central,Total,8357,5
1984,AL,Crenshaw County,rural,South,East South Central,Total,8345,4.2
1985,AL,Crenshaw County,rural,South,East South Central,Total,8366,3.4
1986,AL,Crenshaw County,rural,South,East South Central,Total,8358,2.6
1987,AL,Crenshaw County,rural,South,East South Central,Total,8368,1.8
1988,AL,Crenshaw County,rural,South,East South Central,Total,8348,1
1989,AL,Crenshaw County,rural,South,East South Central,Total,8299,1.4
1990,AL,Crenshaw County,rural,South,East South Central,Total,8237,1.8
1991,AL,Crenshaw County,rural,South,East South Central,Total,8225,2.2
1992,AL,Crenshaw County,rural,South,East South Central,Total,8202,2.6
1993,AL,Crenshaw County,rural,South,East South Central,Total,8275,3
1994,AL,Crenshaw County,rural,South,East South Central,Total,8259,3.833333
1995,AL,Crenshaw County,rural,South,East South Central,Total,8351,4.666667
1996,AL,Crenshaw County,rural,South,East South Central,Total,8426,5.5
1997,AL,Crenshaw County,rural,South,East South Central,Total,8515,6.333333
1998,AL,Crenshaw County,rural,South,East South Central,Total,8502,7.166667
1999,AL,Crenshaw County,rural,South,East South Central,Total,8497,8
2000,AL,Crenshaw County,rural,South,East South Central,Total,8605,12
2001,AL,Crenshaw County,rural,South,East South Central,Total,8595,16
2002,AL,Crenshaw County,rural,South,East South Central,Total,8579,20
2003,AL,Crenshaw County,rural,South,East South Central,Total,8620,24
2004,AL,Crenshaw County,rural,South,East South Central,Total,8641,28
2005,AL,Crenshaw County,rural,South,East South Central,Total,8716,32
2006,AL,Crenshaw County,rural,South,East South Central,Total,8878,24
2007,AL,Crenshaw County,rural,South,East South Central,Total,8956,22
2008,AL,Crenshaw County,rural,South,East South Central,Total,8973,47
2009,AL,Crenshaw County,rural,South,East South Central,Total,9060,42
2010,AL,Crenshaw County,rural,South,East South Central,Total,8998,43
2011,AL,Crenshaw County,rural,South,East South Central,Total,8976,44
2012,AL,Crenshaw County,rural,South,East South Central,Total,8952,45
2013,AL,Crenshaw County,rural,South,East South Central,Total,8929,46
2014,AL,Crenshaw County,rural,South,East South Central,Total,8817,23
2015,AL,Crenshaw County,rural,South,East South Central,Total,8781,23
2016,AL,Crenshaw County,rural,South,East South Central,Total,8748,NA
1970,AL,Cullman County,rural,South,East South Central,Total,32625,10
1971,AL,Cullman County,rural,South,East South Central,Total,33679,12.375
1972,AL,Cullman County,rural,South,East South Central,Total,34788,14.75
1973,AL,Cullman County,rural,South,East South Central,Total,35927,17.125
1974,AL,Cullman County,rural,South,East South Central,Total,36355,19.5
1975,AL,Cullman County,rural,South,East South Central,Total,36658,21.875
1976,AL,Cullman County,rural,South,East South Central,Total,38004,24.25
1977,AL,Cullman County,rural,South,East South Central,Total,38547,26.625
1978,AL,Cullman County,rural,South,East South Central,Total,39110,29
1979,AL,Cullman County,rural,South,East South Central,Total,39384,27.6
1980,AL,Cullman County,rural,South,East South Central,Total,39614,26.2
1981,AL,Cullman County,rural,South,East South Central,Total,39874,24.8
1982,AL,Cullman County,rural,South,East South Central,Total,40172,23.4
1983,AL,Cullman County,rural,South,East South Central,Total,40680,22
1984,AL,Cullman County,rural,South,East South Central,Total,41612,23.8
1985,AL,Cullman County,rural,South,East South Central,Total,42122,25.6
1986,AL,Cullman County,rural,South,East South Central,Total,42703,27.4
1987,AL,Cullman County,rural,South,East South Central,Total,43103,29.2
1988,AL,Cullman County,rural,South,East South Central,Total,43214,31
1989,AL,Cullman County,rural,South,East South Central,Total,43415,1
1990,AL,Cullman County,rural,South,East South Central,Total,44151,9
1991,AL,Cullman County,rural,South,East South Central,Total,44721,2
1992,AL,Cullman County,rural,South,East South Central,Total,45474,6
1993,AL,Cullman County,rural,South,East South Central,Total,46073,2
1994,AL,Cullman County,rural,South,East South Central,Total,46881,4.166667
1995,AL,Cullman County,rural,South,East South Central,Total,47510,6.333333
1996,AL,Cullman County,rural,South,East South Central,Total,48485,8.5
1997,AL,Cullman County,rural,South,East South Central,Total,49020,10.66667
1998,AL,Cullman County,rural,South,East South Central,Total,49871,12.83333
1999,AL,Cullman County,rural,South,East South Central,Total,50450,15
2000,AL,Cullman County,rural,South,East South Central,Total,50690,13
2001,AL,Cullman County,rural,South,East South Central,Total,50724,15.5
2002,AL,Cullman County,rural,South,East South Central,Total,50832,18
2003,AL,Cullman County,rural,South,East South Central,Total,50933,11
2004,AL,Cullman County,rural,South,East South Central,Total,51234,51.5
2005,AL,Cullman County,rural,South,East South Central,Total,51661,92
2006,AL,Cullman County,rural,South,East South Central,Total,51794,108.875
2007,AL,Cullman County,rural,South,East South Central,Total,52026,125.75
2008,AL,Cullman County,rural,South,East South Central,Total,52277,142.625
2009,AL,Cullman County,rural,South,East South Central,Total,52285,159.5
2010,AL,Cullman County,rural,South,East South Central,Total,52249,176.375
2011,AL,Cullman County,rural,South,East South Central,Total,52262,193.25
2012,AL,Cullman County,rural,South,East South Central,Total,52171,210.125
2013,AL,Cullman County,rural,South,East South Central,Total,51732,227
2014,AL,Cullman County,rural,South,East South Central,Total,51740,171
2015,AL,Cullman County,rural,South,East South Central,Total,51675,115
2016,AL,Cullman County,rural,South,East South Central,Total,51925,NA
1970,AL,Dale County,rural,South,East South Central,Total,35852,14
1971,AL,Dale County,rural,South,East South Central,Total,35805,12.375
1972,AL,Dale County,rural,South,East South Central,Total,31948,10.75
1973,AL,Dale County,rural,South,East South Central,Total,27761,9.125
1974,AL,Dale County,rural,South,East South Central,Total,28345,7.5
1975,AL,Dale County,rural,South,East South Central,Total,29680,5.875
1976,AL,Dale County,rural,South,East South Central,Total,28801,4.25
1977,AL,Dale County,rural,South,East South Central,Total,28986,2.625
1978,AL,Dale County,rural,South,East South Central,Total,30545,1
1979,AL,Dale County,rural,South,East South Central,Total,30484,1.5
1980,AL,Dale County,rural,South,East South Central,Total,31999,2
1981,AL,Dale County,rural,South,East South Central,Total,32508,2.5
1982,AL,Dale County,rural,South,East South Central,Total,32481,3
1983,AL,Dale County,rural,South,East South Central,Total,32661,3.5
1984,AL,Dale County,rural,South,East South Central,Total,32486,4
1985,AL,Dale County,rural,South,East South Central,Total,32579,4.5
1986,AL,Dale County,rural,South,East South Central,Total,33145,5
1987,AL,Dale County,rural,South,East South Central,Total,33368,5.5
1988,AL,Dale County,rural,South,East South Central,Total,34004,6
1989,AL,Dale County,rural,South,East South Central,Total,33451,8
1990,AL,Dale County,rural,South,East South Central,Total,33335,10